{"stats":{"minecraft:mined":{"minecraft:grass_block":2,"minecraft:dirt":17},"minecraft:custom":{"minecraft:jump":135,"minecraft:time_since_rest":13149,"minecraft:damage_dealt":1485,"minecraft:crouch_one_cm":888,"minecraft:sprint_one_cm":14009,"minecraft:play_time":13149,"minecraft:damage_taken":120,"minecraft:time_since_death":13149,"minecraft:walk_one_cm":24167,"minecraft:sneak_time":562,"minecraft:total_world_time":13149,"minecraft:mob_kills":82,"minecraft:fly_one_cm":13743},"minecraft:picked_up":{"minecraft:slime_ball":54,"minecraft:dirt":19},"minecraft:used":{"minecraft:netherite_sword":52,"minecraft:dirt":19,"minecraft:bow":38,"minecraft:splash_potion":48,"minecraft:grass_block":2},"minecraft:killed":{"minecraft:slime":82}},"DataVersion":3465}