{"stats":{"minecraft:killed":{"minecraft:slime":82},"minecraft:used":{"minecraft:netherite_sword":52,"minecraft:dirt":39,"minecraft:cobblestone":2,"minecraft:bow":38,"minecraft:grass_block":2,"minecraft:oak_planks":8,"minecraft:potato":2,"minecraft:splash_potion":48,"minecraft:iron_leggings":1},"minecraft:custom":{"minecraft:time_since_rest":24459,"minecraft:open_chest":7,"minecraft:crouch_one_cm":907,"minecraft:sprint_one_cm":21870,"minecraft:play_time":24459,"minecraft:walk_one_cm":38024,"minecraft:damage_taken":120,"minecraft:sneak_time":649,"minecraft:mob_kills":82,"minecraft:jump":178,"minecraft:damage_dealt":1508,"minecraft:leave_game":1,"minecraft:time_since_death":24459,"minecraft:total_world_time":24459,"minecraft:fly_one_cm":83151},"minecraft:picked_up":{"minecraft:slime_ball":54,"minecraft:dandelion":1,"minecraft:oak_sapling":2,"minecraft:dirt":19},"minecraft:mined":{"minecraft:grass_block":2,"minecraft:dirt":17}},"DataVersion":3465}